	Predicted	Observed
0	61.3504	48.7846
1	426.4576	364.2429
2	212.0384	210.5691
3	157.3888	248.5914
4	54.2912	59.6761
5	109.7856	91.9179
6	215.9232	222.5811
7	139.6352	148.9688
8	359.1744	312.8938
9	171.3216	154.2027
10	157.952	168.916
11	151.328	102.4556
12	114.9824	120.9644
13	175.7056	204.9703
14	13.0176	1.6751
15	197.0176	196.3465
16	172.9152	230.2783
17	208.992	214.7751
18	108.0064	151.2231
19	163.9744	150.8216
20	254.5216	236.938
21	126.3424	77.9466
22	15.4752	2.9373
23	359.6096	294.6213
24	33.7728	24.4296
25	98.4896	116.8155
26	340.7872	342.8477
27	7.1744	13.5192
28	203.5584	236.7306
29	245.632	227.0371
30	75.0784	75.4106
31	321.6448	301.9706
32	284.4032	407.8755
33	112.9344	101.8567
34	86.656	108.2591
35	249.7728	249.975
36	260.8896	232.2478
37	212.8896	214.6185
38	119.8208	108.9918
39	97.9456	96.7581
40	312.6592	351.8943
41	180.1024	195.9579
42	50.0032	49.8484
43	187.4624	189.8986
44	98.8672	118.2897
45	237.1968	227.0371
46	291.1808	312.9191
47	91.0848	79.664
48	81.792	84.7955
49	221.0368	178.6506
50	519.1552	500.879
51	135.8592	248.6271
52	232.9408	234.5779
53	275.5968	338.1066
54	60.2112	62.3109
55	12.6656	10.3219
56	173.056	151.0582
57	116.4544	133.4628
58	159.3856	160.0273
59	180.3904	189.6488
60	204.0896	227.5943
61	55.7632	46.5453
62	232.8384	214.2436
63	65.5808	75.3434
64	183.264	203.9505
65	203.4112	194.547
66	204.064	226.9084
67	191.8272	164.5622
68	186.0736	179.4515
69	221.5936	224.9686
70	56.1856	46.0302
71	191.7056	219.3058
72	85.5424	132.0637
73	82.2016	83.806
74	387.9168	336.3601
75	16.3328	16.3258
76	181.0688	136.7067
77	169.248	167.5287
78	224.2432	238.1947
79	7.104	9.228
80	459.232	406.4139
81	137.8304	135.1453
82	60.9856	72.2032
83	340.3264	333.1446
84	8.6784	15.9807
85	225.5552	326.3531
86	86.0864	100.9027
87	179.6672	193.1207
88	196.8064	163.497
89	234.9056	205.1523
90	231.7504	378.374
91	204.6912	215.0523
92	123.072	112.6373
93	232.2304	267.0452
94	119.1296	99.6717
95	270.432	285.749
96	163.7568	153.5542
97	167.9552	163.1737
98	184.3648	189.671
99	182.7328	185.2213
100	220.4864	306.1998
101	131.4432	131.0501
102	14.7584	15.7694
103	78.9056	74.5312
104	258.0288	312.3935
105	335.0336	276.134
106	189.2544	179.3774
107	34.6944	31.3728
108	179.456	209.8891
109	10.3424	9.8861
110	364.224	343.443
111	108.416	120.9644
112	284.4608	252.2449
113	163.8592	178.5279
114	231.1168	211.5602
115	122.8928	99.5504
116	293.0176	286.4121
117	162.2784	130.1871
118	88.384	76.1457
119	90.1824	97.6765
120	109.7344	120.9654
121	243.328	234.1165
122	372.9408	405.2263
123	271.0656	285.2218
124	141.3568	140.7671
125	85.184	126.0078
126	25.2672	23.911
127	198.9248	166.9669
128	260.8	323.484
129	165.5424	164.2073
130	149.8624	192.2719
131	125.2224	120.9913
132	142.8416	159.4762
133	106.9696	147.946
134	42.752	32.9992
135	154.3488	156.6545
136	16.4992	2.1964
137	55.616	59.9797
138	272.9024	307.8613
139	216.3584	194.6191
140	151.2384	143.7808
141	88.16	109.4607
142	404.96	390.8087
143	223.872	283.5455
144	82.88	81.3632
145	406.1696	366.595
146	297.0624	275.9027
147	163.7696	170.0485
148	22.0672	27.9711
149	158.4832	150.042
150	61.6	74.9733
151	354.7712	344.9784
152	176.1408	203.9793
153	114.304	143.7931
154	170.8352	120.9989
155	341.664	346.8871
156	251.84	265.035
157	20.7424	19.3019
158	191.3216	188.9549
159	19.552	2.4861
160	13.4272	16.7756
161	340.4224	332.0136
162	264.4608	265.868
163	6.8224	2.0602
164	158.0096	124.659
165	213.5936	239.3312
166	3.6352	2.6175
167	128.5056	129.1137
168	183.1616	187.1002
169	325.9072	337.6256
170	134.5472	153.3387
171	73.0368	100.2759
172	180.1536	171.1686
173	46.7584	53.2997
174	260.8576	249.975
175	387.2832	427.8195
176	165.6832	188.9701
177	281.8816	275.9748
178	229.664	217.8585
179	78.6752	61.6774
180	224.2624	211.4301
181	155.072	186.432
182	312.8768	270.5028
183	13.0688	10.3126
184	225.6704	362.0147
185	41.696	46.5191
186	40.4224	47.2015
187	240.3648	239.9835
188	350.4896	370.9442
189	229.9776	250.9709
190	132.3648	160.0976
191	112.8768	108.0286
192	388.7168	329.6836
193	382.5152	335.1046
194	329.0752	358.5644
195	153.344	165.4251
196	19.6672	16.4313
197	49.2864	31.8771
198	467.0208	447.9108
199	158.5088	144.9682
200	199.8272	190.8521
201	125.8496	130.1509
202	147.4688	154.1835
203	178.752	166.4285
204	327.1616	336.329
205	398.7072	375.576
206	159.456	158.5318
207	157.4912	112.5146
208	162.464	140.276
209	513.0048	508.781
210	119.7888	144.8069
211	209.888	273.5577
212	339.456	335.1695
213	200.928	213.6876
214	174.3616	191.9806
215	154.1312	141.4101
216	376.8256	385.5332
217	440.832	471.7867
218	180.4032	214.1887
219	142.6048	116.0287
220	84.5888	102.7978
221	217.8688	201.0541
222	55.8528	20.7824
223	27.7632	2.2555
224	121.7088	122.3556
225	249.5808	194.4193
226	195.3216	179.4283
227	55.0016	46.3982
228	387.0336	394.0194
229	32.8128	35.3687
230	15.7504	9.8524
231	250.7584	223.2222
232	132.3328	233.6933
233	317.408	357.3361
234	65.6896	80.0273
235	172.5376	204.151
236	115.04	112.2238
237	92.2304	96.547
238	321.3312	324.0919
239	255.9296	215.0654
240	163.7248	186.0779
241	68.4992	82.9684
242	167.104	180.121
243	158.0544	132.6916
244	357.0624	341.6621
245	165.3312	176.6971
246	240.6848	213.1681
247	271.9808	294.5656
248	91.68	95.9919
249	22.3104	17.2288
250	156.5312	146.0142
251	170.0288	179.159
252	264.2944	246.9288
253	55.2256	62.2448
254	233.7408	239.4014
255	5.216	2.9746
256	249.7408	209.9684
257	272.2496	292.9682
258	143.7568	140.1575
259	51.9104	16.1628
260	259.9744	295.7545
261	398.912	379.9341
262	284.1088	291.4813
263	335.9104	327.5573
264	5.3952	2.1226
265	207.9936	181.7605
266	101.696	200.6576
267	512.0192	456.4103
268	103.008	108.351
269	589.5424	508.2688
270	227.968	212.6906
271	42.1888	36.4062
272	145.5424	169.1551
273	219.84	206.0334
274	184.3136	203.9793
275	168.9792	183.1173
276	210.9056	220.8594
277	215.52	194.9088
278	269.92	205.9892
279	150.7456	143.3915
280	204.3008	217.1478
281	308.3968	364.0
282	203.4816	221.7594
283	304.7168	309.1426
284	194.6176	225.9044
285	214.3296	222.7642
286	88.2624	79.3839
287	75.3088	73.6136
288	208.224	181.4413
289	90.496	91.3918
290	75.9808	77.8685
291	502.2464	437.0048
292	132.9856	140.9712
293	286.2848	254.2552
294	53.184	64.8582
295	378.6176	323.3035
296	268.3648	272.7273
297	196.8896	183.9858
298	176.3584	160.004
299	17.8688	15.0873
300	218.7456	207.3832
301	8.6656	2.2989
302	142.7584	187.5575
303	196.8192	195.1139
304	229.4784	227.5164
305	367.6608	389.2294
306	74.8864	83.4874
307	118.7008	132.0598
308	362.7904	355.3039
309	9.1776	1.7266
310	117.6256	121.8048
311	61.6768	63.5051
312	43.1424	17.9017
313	191.0144	197.8923
314	49.4912	68.7502
315	277.5488	268.4415
316	48.2432	51.0578
317	198.6304	206.9501
318	297.0688	343.8123
319	249.8368	221.4356
320	199.9424	221.796
321	237.4144	268.0468
322	40.1664	49.2047
323	186.528	210.7872
324	126.2464	122.3388
325	111.2512	119.3353
326	72.192	58.4786
327	94.8736	70.8698
328	173.1456	170.9407
329	47.9168	32.9648
330	202.176	211.3373
331	188.1152	178.816
332	33.056	38.9604
333	320.576	249.8403
334	410.0096	446.7962
335	27.8784	28.8252
336	183.7824	195.7536
337	198.2656	205.5789
338	157.3248	119.7979
339	145.4272	183.2969
340	315.6096	262.5545
341	198.9952	216.877
342	122.4	112.1657
343	179.2896	199.9872
344	166.1376	142.8315
345	206.5664	225.9044
346	156.2304	112.8917
347	118.8224	110.8769
348	102.2464	111.8233
349	431.4368	382.912
350	11.8336	1.705
351	26.9312	20.6798
352	111.4816	128.1516
353	133.1776	156.3607
354	254.6048	260.647
355	55.936	73.4853
356	176.0768	158.8448
357	48.3712	42.4146
358	257.3184	237.0702
359	299.1488	339.7581
360	237.6832	230.9816
361	52.9792	52.4811
362	224.5312	214.4452
363	408.2688	340.9835
364	233.5104	233.2122
365	308.0768	319.9609
366	79.0848	92.2227
367	146.0864	96.3456
368	230.5664	236.8901
369	261.4912	304.1896
370	82.368	77.1249
371	32.672	35.3675
372	59.7632	76.4967
373	184.0576	187.9389
374	103.3792	100.3721
375	198.6176	178.1112
376	81.9456	92.2856
377	305.6896	302.9804
378	306.4448	286.7473
379	277.8944	223.8488
380	42.8416	18.1352
381	96.2368	70.872
382	174.5024	166.8214
383	275.2576	265.2337
384	120.8256	126.7922
385	110.7456	110.7088
386	252.3968	266.2894
387	196.3648	225.9044
388	304.5952	264.4087
389	32.9344	27.0018
390	36.256	48.388
391	123.584	117.9755
392	179.6672	191.0348
393	107.6992	89.0293
394	13.2224	16.1882
395	507.552	447.0127
396	8.224	2.2363
397	40.4992	44.7844
398	335.0464	378.1464
399	168.8832	172.4012
400	138.656	124.6783
401	75.712	51.9483
402	159.8976	157.86
403	102.7456	84.3182
404	223.1872	390.2431
405	459.2192	454.8227
406	281.5616	302.0907
407	309.9072	337.1064
408	164.768	187.1002
409	172.8576	191.3317
410	32.5184	24.7788
411	102.4448	85.9989
412	158.24	143.1559
413	292.4992	276.0897
414	110.016	89.6204
415	343.0848	298.786
416	36.6464	30.8735
417	155.0144	131.4051
418	58.688	77.1035
419	107.6928	128.8398
420	57.7984	72.3636
421	349.408	370.4347
422	206.336	211.8894
423	54.4576	57.2076
424	407.6416	365.1241
425	179.9296	168.6267
426	187.7824	177.7565
427	354.3552	346.2627
428	278.5536	363.1158
429	134.6752	139.9749
430	58.0672	63.2376
431	173.2992	188.3322
432	290.1696	263.7347
433	105.0496	108.5109
434	65.888	44.6225
435	238.3616	214.2436
436	116.9984	145.9638
437	278.9248	313.3285
438	145.4784	95.4379
439	443.5968	406.3199
440	6.784	11.0164
441	2.944	2.9905
442	214.7712	204.7115
443	201.856	195.004
444	112.032	141.8063
445	210.3808	194.3415
446	428.2304	497.4253
447	16.384	2.6473
448	56.3072	30.4546
449	396.032	356.6581
450	286.6304	296.9821
451	253.3312	319.832
452	135.8336	145.9638
453	141.44	141.6758
454	64.1792	46.496
455	207.3536	232.8867
456	267.4368	291.2334
457	389.9648	390.8087
458	32.8576	48.0639
459	184.4352	185.9709
460	4.864	1.9616
461	229.5872	246.1677
462	183.3664	156.0002
463	58.5216	78.9581
464	183.8976	232.38
465	397.0048	324.8752
466	240.5696	239.6884
467	209.184	209.1927
468	16.8704	18.9325
469	288.6848	330.8537
470	232.5696	219.2809
471	181.9328	172.0875
472	159.744	148.7853
473	242.528	225.4298
474	152.5184	143.3954
475	203.9872	199.2056
476	177.6896	149.7458
477	273.7536	244.6264
478	223.0656	234.7903
479	218.624	212.4093
480	58.7392	56.761
481	369.312	404.907
482	312.7872	327.4812
483	328.8448	341.0699
484	279.4176	243.7462
485	138.976	159.4854
486	34.8736	32.1305
487	419.5136	418.9769
488	62.1248	37.4879
489	270.464	258.9556
490	68.9984	76.3547
491	135.904	103.5407
492	100.9088	109.5987
493	185.3184	176.2151
494	109.8432	127.9461
495	45.6128	25.2886
496	78.5664	51.9483
497	446.6368	448.4082
498	55.2256	52.6734
499	123.4112	131.9787
500	84.608	69.9517
501	181.5296	175.3335
502	225.2096	209.8293
503	175.52	194.4276
504	240.5888	255.5432
505	163.168	152.0916
506	18.4	13.7433
507	221.7856	204.0289
508	4.384	2.9893
509	154.976	157.9437
510	231.3088	263.0306
511	169.0112	143.5306
512	156.6784	172.0987
513	323.1872	278.1701
514	135.328	116.5695
515	273.0624	253.4161
516	225.9584	210.1038
517	37.7408	40.9754
518	159.9872	146.2497
519	378.5728	298.7782
520	242.4704	243.7635
521	202.08	198.7817
522	63.0784	73.4024
523	249.8048	253.3399
524	145.5424	136.2062
525	14.3104	19.7459
526	299.9616	352.6535
527	248.3712	263.3269
528	176.1984	168.1543
529	130.1696	136.1184
530	151.3792	127.3721
531	106.5856	166.3974
532	89.8688	77.9649
533	156.2752	163.0619
534	330.7328	331.7102
535	155.3024	159.5977
536	69.9584	100.7927
537	229.2608	225.0358
538	74.5152	74.9249
539	203.296	241.5126
540	14.4	1.6863
541	108.3712	87.4519
542	211.9168	223.5663
543	201.3888	158.9684
544	273.3888	300.3837
545	200.5568	202.3728
546	185.7984	168.7538
547	198.2144	195.9366
548	60.8768	62.2305
549	214.368	184.014
550	326.2336	310.1948
551	227.8336	215.1585
552	133.4976	102.446
553	38.784	16.1652
554	197.568	191.5889
555	245.6704	303.7353
556	12.0896	2.7704
557	152.896	144.078
558	211.8976	189.8417
559	299.4944	265.6017
560	33.8496	32.8718
561	222.6112	206.4429
562	235.7504	217.0135
563	134.3872	151.6887
564	383.488	355.9971
565	295.1488	413.3018
566	34.656	33.4162
567	47.3856	56.1189
568	181.2992	164.6981
569	141.824	94.2165
570	132.5632	125.7593
571	197.792	189.6439
572	55.5328	67.2941
573	327.0656	330.8391
574	347.296	352.854
575	199.6352	214.9633
576	151.6416	133.5887
577	103.1296	103.5708
578	80.4736	81.294
579	151.6928	147.6698
580	284.5632	331.9009
581	194.7264	207.3153
582	5.632	2.8931
583	43.2	48.2619
584	141.2032	112.1168
585	221.5808	248.9723
586	285.8112	252.803
587	43.968	51.9598
588	9.1776	14.271
589	211.9104	202.7537
590	106.7648	103.8209
591	148.6592	256.2849
592	8.1536	2.1353
593	117.7408	109.5619
594	94.4064	154.0159
595	47.1872	48.6362
596	112.96	123.0077
597	165.952	179.8482
598	69.1584	65.4498
599	138.2272	187.3255
600	100.1088	116.417
601	276.1472	313.8711
602	213.9776	225.6809
603	143.6736	172.9319
604	305.2864	323.5822
605	370.24	386.8991
606	116.4672	118.0201
607	95.5584	82.6951
608	338.0992	276.5738
609	207.8656	178.671
610	151.6608	133.609
611	130.7712	262.3413
612	100.256	111.8214
613	350.5984	368.9495
614	178.2272	201.2804
615	148.6208	134.6472
616	202.1568	225.7424
617	197.2992	231.8588
618	91.808	92.021
619	132.064	106.5898
620	227.968	224.9686
621	247.6672	337.4087
622	218.3296	246.7676
623	165.856	151.1765
624	283.2576	314.5123
625	29.8304	34.3349
626	225.0176	233.8401
627	94.304	92.1502
628	54.7648	54.9131
629	239.8656	239.4014
630	209.5232	248.9723
631	436.1024	442.471
632	175.2	158.9684
633	255.2896	261.68
634	279.3344	268.9058
635	141.024	188.9701
636	194.5472	190.3208
637	13.0944	14.3859
638	237.0048	231.1684
639	219.1872	198.559
640	45.5168	36.2862
641	232.96	217.7954
642	170.208	229.2388
643	85.8176	88.0812
644	254.1696	232.5852
645	119.5648	133.7181
646	138.9184	144.0065
647	248.544	294.1304
648	471.1552	526.6111
649	283.712	258.4514
650	63.488	77.9466
651	144.2112	145.0733
652	155.1872	132.7075
653	144.6848	126.2539
654	127.008	140.9378
655	222.5216	254.5794
656	228.2944	191.3094
657	187.872	154.7494
658	434.24	411.1455
659	324.864	306.5873
660	84.1728	74.3206
661	350.3424	365.6855
662	325.216	298.6678
663	188.4608	155.5272
664	133.2544	128.807
665	46.4512	43.9159
666	125.6576	122.9729
667	275.2128	287.197
668	172.576	140.2279
669	156.3328	131.9317
670	13.8112	9.0013
671	91.7888	107.2989
672	188.064	174.0223
673	157.4656	185.3997
674	78.6048	92.0682
675	396.352	357.0201
676	187.5392	160.9586
677	50.4576	58.5067
678	328.6208	351.5723
679	199.8464	168.116
680	21.0816	20.9925
681	231.1168	239.9835
682	95.776	73.7579
683	111.68	124.1961
684	235.4048	211.8958
685	9.1776	14.9968
686	132.7616	123.5676
687	170.304	176.1101
688	3.6288	2.3409
689	264.7168	369.4127
690	199.4688	214.8717
691	110.2656	138.0344
692	158.0864	228.1226
693	144.3904	163.4287
694	237.9584	273.7795
695	181.6512	176.873
696	489.9456	498.6014
697	102.5536	121.7342
698	382.0096	349.6653
699	58.656	63.424
700	333.4208	267.6824
701	165.9584	154.7049
702	50.9504	58.399
703	134.5792	140.9661
